parameter,sparsity,top1,top5,loss
module.conv1.weight,0.0,76.13,92.862,0.9646787427517838
module.conv1.weight,0.05,76.134,92.866,0.9645168806369209
module.conv1.weight,0.1,76.088,92.868,0.9645044184004773
module.conv1.weight,0.15000000000000002,76.134,92.83399999999999,0.9655836951367704
module.conv1.weight,0.2,76.12,92.84400000000001,0.9650561857436385
module.conv1.weight,0.25,75.906,92.792,0.9699838768158641
module.conv1.weight,0.30000000000000004,75.968,92.794,0.9700244576195065
module.conv1.weight,0.35000000000000003,75.59400000000001,92.598,0.9870678324024288
module.conv1.weight,0.4,75.388,92.406,1.0026680570932063
module.conv1.weight,0.45,74.616,92.084,1.032220670991406
module.conv1.weight,0.5,72.77799999999999,91.10000000000001,1.1076163092286007
module.conv1.weight,0.55,71.104,90.07000000000001,1.1880887205503423
module.conv1.weight,0.6000000000000001,71.636,90.544,1.1602822400781578
module.conv1.weight,0.65,66.456,86.812,1.4343639812907392
module.conv1.weight,0.7000000000000001,62.91,84.516,1.6103487358409532
module.conv1.weight,0.75,59.974,82.462,1.7486701142422996
module.conv1.weight,0.8,47.958,72.486,2.4445109780953853
module.conv1.weight,0.8500000000000001,41.188,64.82600000000001,2.8852593752802647
module.conv1.weight,0.9,12.878,28.446000000000005,5.931392810782611
module.layer1.0.conv1.weight,0.0,76.13,92.862,0.9646787427517838
module.layer1.0.conv1.weight,0.05,76.13,92.862,0.9646787427517838
module.layer1.0.conv1.weight,0.1,76.13,92.862,0.9646806849204763
module.layer1.0.conv1.weight,0.15000000000000002,76.122,92.862,0.9647180568046715
module.layer1.0.conv1.weight,0.2,76.086,92.862,0.9650079239235844
module.layer1.0.conv1.weight,0.25,76.098,92.866,0.9657965145092832
module.layer1.0.conv1.weight,0.30000000000000004,76.012,92.838,0.9660970995924911
module.layer1.0.conv1.weight,0.35000000000000003,75.92999999999999,92.848,0.9688769728705593
module.layer1.0.conv1.weight,0.4,75.88000000000001,92.762,0.9720908109174694
module.layer1.0.conv1.weight,0.45,75.8,92.804,0.973920929796842
module.layer1.0.conv1.weight,0.5,75.75,92.776,0.9772005009712007
module.layer1.0.conv1.weight,0.55,75.124,92.62599999999999,1.003469366428196
module.layer1.0.conv1.weight,0.6000000000000001,74.464,92.196,1.0352763065270014
module.layer1.0.conv1.weight,0.65,73.79,91.822,1.0627223448637801
module.layer1.0.conv1.weight,0.7000000000000001,71.774,90.558,1.1702380812897974
module.layer1.0.conv1.weight,0.75,70.314,89.73,1.2354634864902008
module.layer1.0.conv1.weight,0.8,64.996,86.74,1.5224158672653898
module.layer1.0.conv1.weight,0.8500000000000001,59.32999999999999,83.078,1.8371825464526004
module.layer1.0.conv1.weight,0.9,58.23199999999999,82.028,1.876360840031079
module.layer1.0.conv2.weight,0.0,76.13,92.862,0.9646787427517838
module.layer1.0.conv2.weight,0.05,76.13,92.862,0.9646787427517838
module.layer1.0.conv2.weight,0.1,76.13,92.862,0.9646787427517838
module.layer1.0.conv2.weight,0.15000000000000002,76.134,92.862,0.964687826073899
module.layer1.0.conv2.weight,0.2,76.12,92.86,0.9646509966375877
module.layer1.0.conv2.weight,0.25,76.118,92.85,0.9646909686223583
module.layer1.0.conv2.weight,0.30000000000000004,76.112,92.864,0.9648189575848533
module.layer1.0.conv2.weight,0.35000000000000003,76.106,92.84599999999999,0.9648654452544083
module.layer1.0.conv2.weight,0.4,76.076,92.824,0.964903442531216
module.layer1.0.conv2.weight,0.45,76.054,92.84,0.9652564799299043
module.layer1.0.conv2.weight,0.5,76.05,92.89,0.9654945125993417
module.layer1.0.conv2.weight,0.55,76.046,92.85600000000001,0.9659672727694314
module.layer1.0.conv2.weight,0.6000000000000001,76.05199999999999,92.866,0.9660054808672588
module.layer1.0.conv2.weight,0.65,75.96000000000001,92.88,0.9673535084846066
module.layer1.0.conv2.weight,0.7000000000000001,75.93799999999999,92.828,0.9701747923177116
module.layer1.0.conv2.weight,0.75,75.69200000000001,92.754,0.9777983738755693
module.layer1.0.conv2.weight,0.8,75.458,92.61399999999999,0.9874920168397381
module.layer1.0.conv2.weight,0.8500000000000001,74.098,91.874,1.0459549599612237
module.layer1.0.conv2.weight,0.9,73.226,91.43,1.083308254805755
module.layer1.0.conv3.weight,0.0,76.13,92.862,0.9646787427517838
module.layer1.0.conv3.weight,0.05,76.13,92.862,0.9646787427517838
module.layer1.0.conv3.weight,0.1,76.13,92.862,0.9646787427517838
module.layer1.0.conv3.weight,0.15000000000000002,76.13,92.862,0.964678164951655
module.layer1.0.conv3.weight,0.2,76.128,92.864,0.9646665732167207
module.layer1.0.conv3.weight,0.25,76.12,92.872,0.9646307136483337
module.layer1.0.conv3.weight,0.30000000000000004,76.108,92.874,0.9645573741623339
module.layer1.0.conv3.weight,0.35000000000000003,76.116,92.88,0.9646762307657276
module.layer1.0.conv3.weight,0.4,76.094,92.854,0.9648263709885734
module.layer1.0.conv3.weight,0.45,76.072,92.852,0.9650296181896506
module.layer1.0.conv3.weight,0.5,75.992,92.85,0.9655400604313736
module.layer1.0.conv3.weight,0.55,75.996,92.83200000000001,0.9666918056199749
module.layer1.0.conv3.weight,0.6000000000000001,76.064,92.84599999999999,0.9664404519206408
module.layer1.0.conv3.weight,0.65,75.946,92.816,0.9681987199856307
module.layer1.0.conv3.weight,0.7000000000000001,75.896,92.73599999999999,0.9706427861689306
module.layer1.0.conv3.weight,0.75,75.68599999999999,92.688,0.9780871037925991
module.layer1.0.conv3.weight,0.8,75.32799999999999,92.532,0.9908994934236517
module.layer1.0.conv3.weight,0.8500000000000001,75.01400000000001,92.406,1.0069385911433064
module.layer1.0.conv3.weight,0.9,74.37,92.05,1.035527251356719
module.layer1.0.downsample.0.weight,0.0,76.13,92.862,0.9646787427517838
module.layer1.0.downsample.0.weight,0.05,76.13,92.862,0.964678733476571
module.layer1.0.downsample.0.weight,0.1,76.13,92.862,0.9646789673335701
module.layer1.0.downsample.0.weight,0.15000000000000002,76.142,92.85799999999999,0.9646644669071752
module.layer1.0.downsample.0.weight,0.2,76.128,92.872,0.9646582851300434
module.layer1.0.downsample.0.weight,0.25,76.134,92.85600000000001,0.9646665365720278
module.layer1.0.downsample.0.weight,0.30000000000000004,76.104,92.914,0.9647183723139527
module.layer1.0.downsample.0.weight,0.35000000000000003,76.088,92.91199999999999,0.9650066160425848
module.layer1.0.downsample.0.weight,0.4,76.116,92.904,0.9653412233657989
module.layer1.0.downsample.0.weight,0.45,76.05199999999999,92.876,0.9672500840863401
module.layer1.0.downsample.0.weight,0.5,75.896,92.904,0.9689957643954121
module.layer1.0.downsample.0.weight,0.55,75.778,92.85,0.9771525994399379
module.layer1.0.downsample.0.weight,0.6000000000000001,75.39,92.718,0.9881045178187139
module.layer1.0.downsample.0.weight,0.65,75.086,92.512,1.0018006762375637
module.layer1.0.downsample.0.weight,0.7000000000000001,74.222,92.094,1.0415832934026814
module.layer1.0.downsample.0.weight,0.75,73.16,91.476,1.0877244760643463
module.layer1.0.downsample.0.weight,0.8,68.946,88.94999999999999,1.2972769445302532
module.layer1.0.downsample.0.weight,0.8500000000000001,55.29200000000001,78.99000000000001,2.0414339735799905
module.layer1.0.downsample.0.weight,0.9,22.430000000000007,41.754000000000005,4.906117030552454
module.layer1.1.conv1.weight,0.0,76.13,92.862,0.9646787427517838
module.layer1.1.conv1.weight,0.05,76.13,92.862,0.9646787427517838
module.layer1.1.conv1.weight,0.1,76.13,92.862,0.9646787427517838
module.layer1.1.conv1.weight,0.15000000000000002,76.13,92.862,0.9646788177897734
module.layer1.1.conv1.weight,0.2,76.132,92.866,0.9646980795173011
module.layer1.1.conv1.weight,0.25,76.13799999999999,92.866,0.964644499655281
module.layer1.1.conv1.weight,0.30000000000000004,76.134,92.85,0.9646424996305486
module.layer1.1.conv1.weight,0.35000000000000003,76.13,92.862,0.9646380628858297
module.layer1.1.conv1.weight,0.4,76.114,92.9,0.964663802893186
module.layer1.1.conv1.weight,0.45,76.106,92.892,0.9646611480536511
module.layer1.1.conv1.weight,0.5,76.132,92.908,0.9647419572788842
module.layer1.1.conv1.weight,0.55,76.076,92.914,0.9647796917326594
module.layer1.1.conv1.weight,0.6000000000000001,76.068,92.93,0.9649580694278891
module.layer1.1.conv1.weight,0.65,76.018,92.89,0.9656707695400227
module.layer1.1.conv1.weight,0.7000000000000001,75.91,92.894,0.9668497529869173
module.layer1.1.conv1.weight,0.75,75.742,92.84400000000001,0.9713135561620704
module.layer1.1.conv1.weight,0.8,75.558,92.672,0.9809340896959206
module.layer1.1.conv1.weight,0.8500000000000001,75.012,92.384,1.0029777998522837
module.layer1.1.conv1.weight,0.9,74.458,92.094,1.027277434054685
module.layer1.1.conv2.weight,0.0,76.13,92.862,0.9646787427517838
module.layer1.1.conv2.weight,0.05,76.13,92.862,0.9646787427517838
module.layer1.1.conv2.weight,0.1,76.132,92.862,0.9646713070723472
module.layer1.1.conv2.weight,0.15000000000000002,76.134,92.862,0.9646820674593357
module.layer1.1.conv2.weight,0.2,76.11,92.854,0.9646644831768102
module.layer1.1.conv2.weight,0.25,76.128,92.866,0.9648199892621867
module.layer1.1.conv2.weight,0.30000000000000004,76.098,92.86999999999999,0.9648852650152174
module.layer1.1.conv2.weight,0.35000000000000003,76.112,92.876,0.9647212297636638
module.layer1.1.conv2.weight,0.4,76.114,92.848,0.9649047076093908
module.layer1.1.conv2.weight,0.45,76.05199999999999,92.868,0.9652251461330724
module.layer1.1.conv2.weight,0.5,76.08200000000001,92.872,0.9653445777236197
module.layer1.1.conv2.weight,0.55,76.106,92.878,0.965640359843264
module.layer1.1.conv2.weight,0.6000000000000001,76.086,92.85799999999999,0.9658721320483152
module.layer1.1.conv2.weight,0.65,76.064,92.85600000000001,0.9667428899176267
module.layer1.1.conv2.weight,0.7000000000000001,75.964,92.78800000000001,0.968377138507001
module.layer1.1.conv2.weight,0.75,75.958,92.806,0.9699067855063751
module.layer1.1.conv2.weight,0.8,75.858,92.78999999999999,0.9726692918612041
module.layer1.1.conv2.weight,0.8500000000000001,75.79400000000001,92.744,0.9811776144316005
module.layer1.1.conv2.weight,0.9,75.432,92.592,0.9949476432283317
module.layer1.1.conv3.weight,0.0,76.13,92.862,0.9646787427517838
module.layer1.1.conv3.weight,0.05,76.128,92.862,0.9646802059545811
module.layer1.1.conv3.weight,0.1,76.134,92.866,0.9646691743056385
module.layer1.1.conv3.weight,0.15000000000000002,76.126,92.86,0.9646659405255803
module.layer1.1.conv3.weight,0.2,76.128,92.86,0.9646913140860138
module.layer1.1.conv3.weight,0.25,76.116,92.852,0.9646996781229973
module.layer1.1.conv3.weight,0.30000000000000004,76.106,92.868,0.9646412826010157
module.layer1.1.conv3.weight,0.35000000000000003,76.12,92.866,0.9646953339023249
module.layer1.1.conv3.weight,0.4,76.114,92.876,0.9646109131982131
module.layer1.1.conv3.weight,0.45,76.12,92.866,0.9645862941231045
module.layer1.1.conv3.weight,0.5,76.13799999999999,92.886,0.9649667459331002
module.layer1.1.conv3.weight,0.55,76.114,92.888,0.9650944603645071
module.layer1.1.conv3.weight,0.6000000000000001,76.078,92.906,0.9652688163427674
module.layer1.1.conv3.weight,0.65,76.058,92.9,0.9656933712563953
module.layer1.1.conv3.weight,0.7000000000000001,76.048,92.852,0.9670554946879948
module.layer1.1.conv3.weight,0.75,76.03,92.78,0.9688309867467197
module.layer1.1.conv3.weight,0.8,75.98,92.764,0.9714584238066962
module.layer1.1.conv3.weight,0.8500000000000001,75.774,92.688,0.9793139076506607
module.layer1.1.conv3.weight,0.9,75.638,92.638,0.9827888982028374
module.layer1.2.conv1.weight,0.0,76.13,92.862,0.9646787427517838
module.layer1.2.conv1.weight,0.05,76.132,92.862,0.9646782605927815
module.layer1.2.conv1.weight,0.1,76.132,92.862,0.964668357782826
module.layer1.2.conv1.weight,0.15000000000000002,76.132,92.864,0.964613412487872
module.layer1.2.conv1.weight,0.2,76.13799999999999,92.862,0.9646160951530446
module.layer1.2.conv1.weight,0.25,76.116,92.862,0.9645727240309422
module.layer1.2.conv1.weight,0.30000000000000004,76.104,92.868,0.9647763389713909
module.layer1.2.conv1.weight,0.35000000000000003,76.086,92.874,0.9647508590501184
module.layer1.2.conv1.weight,0.4,76.054,92.894,0.9652909909432034
module.layer1.2.conv1.weight,0.45,76.028,92.866,0.9657003388417009
module.layer1.2.conv1.weight,0.5,75.964,92.882,0.9662044467974679
module.layer1.2.conv1.weight,0.55,75.992,92.84400000000001,0.9664579110638225
module.layer1.2.conv1.weight,0.6000000000000001,75.958,92.804,0.9679528958335217
module.layer1.2.conv1.weight,0.65,75.876,92.792,0.9704939251651571
module.layer1.2.conv1.weight,0.7000000000000001,75.72,92.75,0.9742698974299191
module.layer1.2.conv1.weight,0.75,75.564,92.604,0.9861968416644603
module.layer1.2.conv1.weight,0.8,74.982,92.426,1.0062409767843021
module.layer1.2.conv1.weight,0.8500000000000001,74.044,91.838,1.0500963204065141
module.layer1.2.conv1.weight,0.9,71.72,90.568,1.153545655918365
module.layer1.2.conv2.weight,0.0,76.13,92.862,0.9646787427517838
module.layer1.2.conv2.weight,0.05,76.134,92.86,0.9647221229970452
module.layer1.2.conv2.weight,0.1,76.12,92.86,0.9647256903046251
module.layer1.2.conv2.weight,0.15000000000000002,76.114,92.85799999999999,0.9646277779675259
module.layer1.2.conv2.weight,0.2,76.12400000000001,92.848,0.9645704313048296
module.layer1.2.conv2.weight,0.25,76.118,92.85600000000001,0.9647706797232432
module.layer1.2.conv2.weight,0.30000000000000004,76.084,92.872,0.9649146517016453
module.layer1.2.conv2.weight,0.35000000000000003,76.078,92.86999999999999,0.9650853365963817
module.layer1.2.conv2.weight,0.4,76.114,92.866,0.965094818828665
module.layer1.2.conv2.weight,0.45,76.116,92.876,0.9653742212269983
module.layer1.2.conv2.weight,0.5,76.096,92.866,0.9656239567818692
module.layer1.2.conv2.weight,0.55,76.05,92.876,0.9669315449285267
module.layer1.2.conv2.weight,0.6000000000000001,75.942,92.80000000000001,0.9685506963608217
module.layer1.2.conv2.weight,0.65,75.884,92.774,0.9725348420289093
module.layer1.2.conv2.weight,0.7000000000000001,75.80799999999999,92.784,0.9743375078755979
module.layer1.2.conv2.weight,0.75,75.654,92.716,0.9796164095857922
module.layer1.2.conv2.weight,0.8,75.156,92.474,0.9945283662147669
module.layer1.2.conv2.weight,0.8500000000000001,75.05199999999999,92.36800000000001,0.9985637058104782
module.layer1.2.conv2.weight,0.9,74.396,91.996,1.0331165221880898
module.layer1.2.conv3.weight,0.0,76.13,92.862,0.9646787427517838
module.layer1.2.conv3.weight,0.05,76.13,92.862,0.9646767444756565
module.layer1.2.conv3.weight,0.1,76.128,92.85799999999999,0.9646839577020433
module.layer1.2.conv3.weight,0.15000000000000002,76.12400000000001,92.85799999999999,0.9646891396568749
module.layer1.2.conv3.weight,0.2,76.12400000000001,92.864,0.9646635662232127
module.layer1.2.conv3.weight,0.25,76.12400000000001,92.85799999999999,0.9646167475350055
module.layer1.2.conv3.weight,0.30000000000000004,76.12400000000001,92.86999999999999,0.9645829248641217
module.layer1.2.conv3.weight,0.35000000000000003,76.128,92.876,0.9645828873071135
module.layer1.2.conv3.weight,0.4,76.122,92.868,0.9646009764805136
module.layer1.2.conv3.weight,0.45,76.128,92.86999999999999,0.9646296052604306
module.layer1.2.conv3.weight,0.5,76.132,92.864,0.964632713673066
module.layer1.2.conv3.weight,0.55,76.13600000000001,92.854,0.9645509357963293
module.layer1.2.conv3.weight,0.6000000000000001,76.09,92.84599999999999,0.9649950611043947
module.layer1.2.conv3.weight,0.65,76.056,92.866,0.964741370735728
module.layer1.2.conv3.weight,0.7000000000000001,76.01,92.85799999999999,0.9657081496350618
module.layer1.2.conv3.weight,0.75,76.02,92.842,0.9669861696204364
module.layer1.2.conv3.weight,0.8,75.976,92.83399999999999,0.9695569783145066
module.layer1.2.conv3.weight,0.8500000000000001,75.806,92.814,0.9762867577373981
module.layer1.2.conv3.weight,0.9,75.40400000000001,92.592,0.9932016163912352
module.layer2.0.conv1.weight,0.0,76.13,92.862,0.9646787427517838
module.layer2.0.conv1.weight,0.05,76.134,92.85799999999999,0.9647347397950238
module.layer2.0.conv1.weight,0.1,76.152,92.866,0.9647061069096834
module.layer2.0.conv1.weight,0.15000000000000002,76.132,92.88,0.9644766646076226
module.layer2.0.conv1.weight,0.2,76.11,92.886,0.9649843798608196
module.layer2.0.conv1.weight,0.25,76.076,92.9,0.9654501746503673
module.layer2.0.conv1.weight,0.30000000000000004,76.024,92.886,0.9662043433256291
module.layer2.0.conv1.weight,0.35000000000000003,76.03,92.88,0.9668337458706632
module.layer2.0.conv1.weight,0.4,75.968,92.82000000000001,0.9686493690372732
module.layer2.0.conv1.weight,0.45,75.952,92.84599999999999,0.9688948773759967
module.layer2.0.conv1.weight,0.5,75.852,92.822,0.9728051754741035
module.layer2.0.conv1.weight,0.55,75.69399999999999,92.762,0.9784493745893849
module.layer2.0.conv1.weight,0.6000000000000001,75.566,92.69000000000001,0.9829132684639518
module.layer2.0.conv1.weight,0.65,75.47399999999999,92.584,0.9908273762890274
module.layer2.0.conv1.weight,0.7000000000000001,75.25800000000001,92.422,1.0025008465258451
module.layer2.0.conv1.weight,0.75,74.25399999999999,91.996,1.0385787368428951
module.layer2.0.conv1.weight,0.8,72.54,91.10199999999999,1.1175149201738597
module.layer2.0.conv1.weight,0.8500000000000001,65.82000000000001,86.228,1.476595426700553
module.layer2.0.conv1.weight,0.9,51.38199999999999,74.436,2.3220285457007743
module.layer2.0.conv2.weight,0.0,76.13,92.862,0.9646787427517838
module.layer2.0.conv2.weight,0.05,76.128,92.85799999999999,0.9646912905938771
module.layer2.0.conv2.weight,0.1,76.12,92.854,0.9647208164845197
module.layer2.0.conv2.weight,0.15000000000000002,76.094,92.854,0.9647615337554285
module.layer2.0.conv2.weight,0.2,76.114,92.85600000000001,0.9648373376350015
module.layer2.0.conv2.weight,0.25,76.098,92.83399999999999,0.9651305997858243
module.layer2.0.conv2.weight,0.30000000000000004,76.058,92.852,0.9651968460149908
module.layer2.0.conv2.weight,0.35000000000000003,76.042,92.85799999999999,0.9652801874492846
module.layer2.0.conv2.weight,0.4,76.03800000000001,92.814,0.9657691495150935
module.layer2.0.conv2.weight,0.45,76.028,92.82000000000001,0.9663706958598022
module.layer2.0.conv2.weight,0.5,76.008,92.83,0.9678798121001039
module.layer2.0.conv2.weight,0.55,75.89399999999999,92.774,0.9712816620511668
module.layer2.0.conv2.weight,0.6000000000000001,75.852,92.746,0.9750035099533134
module.layer2.0.conv2.weight,0.65,75.68599999999999,92.704,0.9810982497066869
module.layer2.0.conv2.weight,0.7000000000000001,75.444,92.562,0.9910190869502876
module.layer2.0.conv2.weight,0.75,75.21,92.47,1.0033275263802126
module.layer2.0.conv2.weight,0.8,74.478,92.072,1.0372916764142568
module.layer2.0.conv2.weight,0.8500000000000001,73.224,91.334,1.0945476252509627
module.layer2.0.conv2.weight,0.9,71.476,90.334,1.1731409372723827
module.layer2.0.conv3.weight,0.0,76.13,92.862,0.9646787427517838
module.layer2.0.conv3.weight,0.05,76.13,92.862,0.96467873431286
module.layer2.0.conv3.weight,0.1,76.13,92.862,0.9646787008612736
module.layer2.0.conv3.weight,0.15000000000000002,76.134,92.864,0.964683657626108
module.layer2.0.conv3.weight,0.2,76.12400000000001,92.854,0.9646348013561598
module.layer2.0.conv3.weight,0.25,76.12400000000001,92.864,0.9646207141328829
module.layer2.0.conv3.weight,0.30000000000000004,76.116,92.864,0.9647920731531116
module.layer2.0.conv3.weight,0.35000000000000003,76.128,92.864,0.9646483170134681
module.layer2.0.conv3.weight,0.4,76.092,92.86999999999999,0.9647970128120215
module.layer2.0.conv3.weight,0.45,76.094,92.886,0.964979649046246
module.layer2.0.conv3.weight,0.5,76.088,92.916,0.9652535031188507
module.layer2.0.conv3.weight,0.55,76.01,92.91199999999999,0.9654108482051869
module.layer2.0.conv3.weight,0.6000000000000001,76.01400000000001,92.85600000000001,0.9661615874846368
module.layer2.0.conv3.weight,0.65,75.968,92.838,0.967090741560167
module.layer2.0.conv3.weight,0.7000000000000001,75.91600000000001,92.824,0.969678290492418
module.layer2.0.conv3.weight,0.75,75.812,92.714,0.973520366056841
module.layer2.0.conv3.weight,0.8,75.658,92.75,0.9794596730902484
module.layer2.0.conv3.weight,0.8500000000000001,75.30799999999999,92.44600000000001,0.9987321077864999
module.layer2.0.conv3.weight,0.9,74.31,92.022,1.0368915754465426
module.layer2.0.downsample.0.weight,0.0,76.13,92.862,0.9646787427517838
module.layer2.0.downsample.0.weight,0.05,76.13,92.862,0.9646787427517838
module.layer2.0.downsample.0.weight,0.1,76.13,92.862,0.9646787413072826
module.layer2.0.downsample.0.weight,0.15000000000000002,76.132,92.86999999999999,0.9646589590274558
module.layer2.0.downsample.0.weight,0.2,76.12400000000001,92.85799999999999,0.9645873127999357
module.layer2.0.downsample.0.weight,0.25,76.094,92.878,0.9645080414353581
module.layer2.0.downsample.0.weight,0.30000000000000004,76.122,92.882,0.9644713226173605
module.layer2.0.downsample.0.weight,0.35000000000000003,76.108,92.882,0.9645915447297142
module.layer2.0.downsample.0.weight,0.4,76.078,92.878,0.9648299454426281
module.layer2.0.downsample.0.weight,0.45,76.088,92.872,0.9647358181525251
module.layer2.0.downsample.0.weight,0.5,76.058,92.85,0.9653445803085147
module.layer2.0.downsample.0.weight,0.55,76.032,92.84599999999999,0.9653735468734286
module.layer2.0.downsample.0.weight,0.6000000000000001,75.948,92.84400000000001,0.9665204604365389
module.layer2.0.downsample.0.weight,0.65,75.9,92.83399999999999,0.9673193308467767
module.layer2.0.downsample.0.weight,0.7000000000000001,75.862,92.796,0.9695669775258519
module.layer2.0.downsample.0.weight,0.75,75.75,92.768,0.9715112610434999
module.layer2.0.downsample.0.weight,0.8,75.682,92.762,0.9732222076581453
module.layer2.0.downsample.0.weight,0.8500000000000001,75.46,92.656,0.9821916896165633
module.layer2.0.downsample.0.weight,0.9,75.002,92.41,1.0023130797305886
module.layer2.1.conv1.weight,0.0,76.13,92.862,0.9646787427517838
module.layer2.1.conv1.weight,0.05,76.13,92.862,0.9646787539276542
module.layer2.1.conv1.weight,0.1,76.13,92.862,0.9646787437401257
module.layer2.1.conv1.weight,0.15000000000000002,76.13,92.862,0.9646814981741562
module.layer2.1.conv1.weight,0.2,76.128,92.86,0.964676452002355
module.layer2.1.conv1.weight,0.25,76.128,92.864,0.9646557596873265
module.layer2.1.conv1.weight,0.30000000000000004,76.122,92.862,0.9646744663465994
module.layer2.1.conv1.weight,0.35000000000000003,76.134,92.864,0.9646800661421552
module.layer2.1.conv1.weight,0.4,76.12400000000001,92.862,0.9647031564797676
module.layer2.1.conv1.weight,0.45,76.114,92.88,0.9646760559051618
module.layer2.1.conv1.weight,0.5,76.09,92.88,0.9645903171325213
module.layer2.1.conv1.weight,0.55,76.098,92.874,0.9647525035757187
module.layer2.1.conv1.weight,0.6000000000000001,76.048,92.888,0.9647888517653457
module.layer2.1.conv1.weight,0.65,76.09,92.88,0.9649710334381284
module.layer2.1.conv1.weight,0.7000000000000001,76.09,92.908,0.9652823827856661
module.layer2.1.conv1.weight,0.75,76.09,92.93400000000001,0.9653826811331876
module.layer2.1.conv1.weight,0.8,76.094,92.944,0.9656825208542298
module.layer2.1.conv1.weight,0.8500000000000001,76.03800000000001,92.95,0.9666069295941568
module.layer2.1.conv1.weight,0.9,75.872,92.926,0.9697616726768259
module.layer2.1.conv2.weight,0.0,76.13,92.862,0.9646787427517838
module.layer2.1.conv2.weight,0.05,76.12400000000001,92.862,0.9646881242491759
module.layer2.1.conv2.weight,0.1,76.12400000000001,92.864,0.9646548948877929
module.layer2.1.conv2.weight,0.15000000000000002,76.128,92.85600000000001,0.964603978152178
module.layer2.1.conv2.weight,0.2,76.152,92.85799999999999,0.9647160635462826
module.layer2.1.conv2.weight,0.25,76.15,92.862,0.9646609436188427
module.layer2.1.conv2.weight,0.30000000000000004,76.154,92.842,0.964902147118534
module.layer2.1.conv2.weight,0.35000000000000003,76.154,92.852,0.9650473526241824
module.layer2.1.conv2.weight,0.4,76.114,92.854,0.9650291243225945
module.layer2.1.conv2.weight,0.45,76.112,92.83,0.9655940997965485
module.layer2.1.conv2.weight,0.5,76.068,92.85799999999999,0.9664762251231133
module.layer2.1.conv2.weight,0.55,76.066,92.848,0.9672036562495089
module.layer2.1.conv2.weight,0.6000000000000001,76.028,92.81,0.9691279938786614
module.layer2.1.conv2.weight,0.65,75.972,92.824,0.971512615148511
module.layer2.1.conv2.weight,0.7000000000000001,75.856,92.754,0.9776836953753114
module.layer2.1.conv2.weight,0.75,75.666,92.66799999999999,0.9842487836674771
module.layer2.1.conv2.weight,0.8,75.53,92.608,0.9915983727848041
module.layer2.1.conv2.weight,0.8500000000000001,75.13,92.386,1.0098081224274877
module.layer2.1.conv2.weight,0.9,73.736,91.658,1.0649557390383302
module.layer2.1.conv3.weight,0.0,76.13,92.862,0.9646787427517838
module.layer2.1.conv3.weight,0.05,76.13,92.862,0.9646799644189216
module.layer2.1.conv3.weight,0.1,76.13600000000001,92.866,0.9646916506545881
module.layer2.1.conv3.weight,0.15000000000000002,76.132,92.862,0.9646575294282967
module.layer2.1.conv3.weight,0.2,76.134,92.868,0.9646494206117123
module.layer2.1.conv3.weight,0.25,76.13,92.864,0.964670691259053
module.layer2.1.conv3.weight,0.30000000000000004,76.122,92.866,0.964656668810212
module.layer2.1.conv3.weight,0.35000000000000003,76.12400000000001,92.878,0.9645405332652892
module.layer2.1.conv3.weight,0.4,76.112,92.86999999999999,0.9645565647099704
module.layer2.1.conv3.weight,0.45,76.11,92.876,0.9645138367706414
module.layer2.1.conv3.weight,0.5,76.092,92.88,0.9645984628979041
module.layer2.1.conv3.weight,0.55,76.116,92.88,0.9644464816974135
module.layer2.1.conv3.weight,0.6000000000000001,76.144,92.876,0.9641133394776562
module.layer2.1.conv3.weight,0.65,76.102,92.868,0.9642081859768654
module.layer2.1.conv3.weight,0.7000000000000001,76.048,92.886,0.9643184565463845
module.layer2.1.conv3.weight,0.75,76.044,92.884,0.9643960884791246
module.layer2.1.conv3.weight,0.8,76.028,92.864,0.9654007078129417
module.layer2.1.conv3.weight,0.8500000000000001,75.92999999999999,92.84599999999999,0.9674795176453741
module.layer2.1.conv3.weight,0.9,75.67,92.738,0.9756030637998971
module.layer2.2.conv1.weight,0.0,76.13,92.862,0.9646787427517838
module.layer2.2.conv1.weight,0.05,76.134,92.86,0.9646867170017587
module.layer2.2.conv1.weight,0.1,76.13600000000001,92.85799999999999,0.9646702625465635
module.layer2.2.conv1.weight,0.15000000000000002,76.116,92.88,0.9646320710224766
module.layer2.2.conv1.weight,0.2,76.102,92.878,0.9645901561087493
module.layer2.2.conv1.weight,0.25,76.11,92.88,0.9647314087012592
module.layer2.2.conv1.weight,0.30000000000000004,76.098,92.84599999999999,0.9648715033366972
module.layer2.2.conv1.weight,0.35000000000000003,76.076,92.862,0.9648150898212073
module.layer2.2.conv1.weight,0.4,76.08,92.862,0.9650125887473021
module.layer2.2.conv1.weight,0.45,76.072,92.85799999999999,0.9652638551684058
module.layer2.2.conv1.weight,0.5,76.112,92.85,0.9659173132053444
module.layer2.2.conv1.weight,0.55,76.064,92.83200000000001,0.966677917053505
module.layer2.2.conv1.weight,0.6000000000000001,76.042,92.822,0.9678825545980004
module.layer2.2.conv1.weight,0.65,76.012,92.83399999999999,0.9691983728992698
module.layer2.2.conv1.weight,0.7000000000000001,76.012,92.83200000000001,0.9702521336778086
module.layer2.2.conv1.weight,0.75,75.936,92.808,0.9722271839878996
module.layer2.2.conv1.weight,0.8,75.812,92.728,0.9768545212490218
module.layer2.2.conv1.weight,0.8500000000000001,75.464,92.62,0.9850341384964328
module.layer2.2.conv1.weight,0.9,75.074,92.422,1.0027811746968298
module.layer2.2.conv2.weight,0.0,76.13,92.862,0.9646787427517838
module.layer2.2.conv2.weight,0.05,76.14,92.862,0.9646632272217958
module.layer2.2.conv2.weight,0.1,76.132,92.872,0.9646548364995696
module.layer2.2.conv2.weight,0.15000000000000002,76.108,92.86999999999999,0.9648187701039169
module.layer2.2.conv2.weight,0.2,76.076,92.884,0.9649587472786706
module.layer2.2.conv2.weight,0.25,76.062,92.878,0.964915613738858
module.layer2.2.conv2.weight,0.30000000000000004,76.084,92.872,0.9648507701955283
module.layer2.2.conv2.weight,0.35000000000000003,76.056,92.86,0.965453656124217
module.layer2.2.conv2.weight,0.4,76.088,92.868,0.9659390447243134
module.layer2.2.conv2.weight,0.45,76.112,92.85799999999999,0.9661347137726081
module.layer2.2.conv2.weight,0.5,76.07,92.842,0.9672113557403188
module.layer2.2.conv2.weight,0.55,76.018,92.84599999999999,0.9681419644276703
module.layer2.2.conv2.weight,0.6000000000000001,75.984,92.804,0.9692884633431628
module.layer2.2.conv2.weight,0.65,75.966,92.80199999999999,0.9715295598214988
module.layer2.2.conv2.weight,0.7000000000000001,75.846,92.778,0.975345847558002
module.layer2.2.conv2.weight,0.75,75.722,92.72,0.978953854389945
module.layer2.2.conv2.weight,0.8,75.534,92.652,0.9860168505384002
module.layer2.2.conv2.weight,0.8500000000000001,75.234,92.432,0.9997401631304196
module.layer2.2.conv2.weight,0.9,74.634,92.09,1.0274541215324886
module.layer2.2.conv3.weight,0.0,76.13,92.862,0.9646787427517838
module.layer2.2.conv3.weight,0.05,76.132,92.862,0.9646727888255697
module.layer2.2.conv3.weight,0.1,76.12,92.854,0.9646508673928222
module.layer2.2.conv3.weight,0.15000000000000002,76.148,92.85600000000001,0.9645750753733577
module.layer2.2.conv3.weight,0.2,76.132,92.85799999999999,0.9647351709403555
module.layer2.2.conv3.weight,0.25,76.118,92.84599999999999,0.9647202284968627
module.layer2.2.conv3.weight,0.30000000000000004,76.088,92.84599999999999,0.9647908977860084
module.layer2.2.conv3.weight,0.35000000000000003,76.072,92.866,0.9648297506631636
module.layer2.2.conv3.weight,0.4,76.092,92.84599999999999,0.9654416379575824
module.layer2.2.conv3.weight,0.45,76.05999999999999,92.83399999999999,0.966208424951349
module.layer2.2.conv3.weight,0.5,76.076,92.84599999999999,0.9669743942058813
module.layer2.2.conv3.weight,0.55,75.988,92.828,0.9681122176805323
module.layer2.2.conv3.weight,0.6000000000000001,75.966,92.836,0.9686229271548132
module.layer2.2.conv3.weight,0.65,76.006,92.81200000000001,0.9697789107354324
module.layer2.2.conv3.weight,0.7000000000000001,75.87,92.804,0.9731161310812647
module.layer2.2.conv3.weight,0.75,75.766,92.692,0.9770722627943876
module.layer2.2.conv3.weight,0.8,75.58,92.67,0.982702832745046
module.layer2.2.conv3.weight,0.8500000000000001,75.48,92.552,0.9897960167454211
module.layer2.2.conv3.weight,0.9,74.966,92.34400000000001,1.0104004141627523
module.layer2.3.conv1.weight,0.0,76.13,92.862,0.9646787427517838
module.layer2.3.conv1.weight,0.05,76.128,92.872,0.9646746039542612
module.layer2.3.conv1.weight,0.1,76.12400000000001,92.868,0.9647089528033927
module.layer2.3.conv1.weight,0.15000000000000002,76.09,92.864,0.9646655834298961
module.layer2.3.conv1.weight,0.2,76.112,92.868,0.9648785873943442
module.layer2.3.conv1.weight,0.25,76.126,92.878,0.9650246873497961
module.layer2.3.conv1.weight,0.30000000000000004,76.098,92.874,0.9651017344879862
module.layer2.3.conv1.weight,0.35000000000000003,76.094,92.864,0.9653141868053647
module.layer2.3.conv1.weight,0.4,76.088,92.882,0.9654636938809135
module.layer2.3.conv1.weight,0.45,76.086,92.874,0.965542982123336
module.layer2.3.conv1.weight,0.5,76.062,92.866,0.9661932173280087
module.layer2.3.conv1.weight,0.55,76.024,92.874,0.9667241536841102
module.layer2.3.conv1.weight,0.6000000000000001,76.056,92.86999999999999,0.9679925886495993
module.layer2.3.conv1.weight,0.65,75.934,92.84599999999999,0.9706619908006825
module.layer2.3.conv1.weight,0.7000000000000001,75.864,92.758,0.9759116375780839
module.layer2.3.conv1.weight,0.75,75.774,92.692,0.9789060383122792
module.layer2.3.conv1.weight,0.8,75.612,92.642,0.9877131732598856
module.layer2.3.conv1.weight,0.8500000000000001,75.30799999999999,92.484,1.0025595623467647
module.layer2.3.conv1.weight,0.9,74.76,92.17999999999999,1.0263273459003894
module.layer2.3.conv2.weight,0.0,76.13,92.862,0.9646787427517838
module.layer2.3.conv2.weight,0.05,76.118,92.874,0.9646902672794397
module.layer2.3.conv2.weight,0.1,76.118,92.86,0.9646991987769701
module.layer2.3.conv2.weight,0.15000000000000002,76.118,92.84599999999999,0.9647154645348079
module.layer2.3.conv2.weight,0.2,76.106,92.85600000000001,0.9649730277608858
module.layer2.3.conv2.weight,0.25,76.102,92.84,0.9650321759435594
module.layer2.3.conv2.weight,0.30000000000000004,76.066,92.83399999999999,0.9648031812085183
module.layer2.3.conv2.weight,0.35000000000000003,76.056,92.86999999999999,0.9651278744698788
module.layer2.3.conv2.weight,0.4,76.07,92.86,0.9655321676055995
module.layer2.3.conv2.weight,0.45,76.062,92.84400000000001,0.9667990937524915
module.layer2.3.conv2.weight,0.5,76.01400000000001,92.798,0.9682082414475026
module.layer2.3.conv2.weight,0.55,76.004,92.768,0.9698932488657988
module.layer2.3.conv2.weight,0.6000000000000001,75.932,92.73599999999999,0.9736291966876204
module.layer2.3.conv2.weight,0.65,75.888,92.69800000000001,0.9742457330683058
module.layer2.3.conv2.weight,0.7000000000000001,75.768,92.648,0.9789711264323213
module.layer2.3.conv2.weight,0.75,75.542,92.574,0.9862242858020623
module.layer2.3.conv2.weight,0.8,75.20599999999999,92.448,0.9981663058302842
module.layer2.3.conv2.weight,0.8500000000000001,75.086,92.326,1.007699148311299
module.layer2.3.conv2.weight,0.9,74.768,92.154,1.0195808682818799
module.layer2.3.conv3.weight,0.0,76.13,92.862,0.9646787427517838
module.layer2.3.conv3.weight,0.05,76.132,92.85799999999999,0.9646681463535953
module.layer2.3.conv3.weight,0.1,76.122,92.866,0.964643848337689
module.layer2.3.conv3.weight,0.15000000000000002,76.116,92.86,0.9647522788418803
module.layer2.3.conv3.weight,0.2,76.134,92.866,0.9647204723133113
module.layer2.3.conv3.weight,0.25,76.12400000000001,92.86999999999999,0.9648367227340229
module.layer2.3.conv3.weight,0.30000000000000004,76.118,92.874,0.9647743387946064
module.layer2.3.conv3.weight,0.35000000000000003,76.1,92.906,0.9650814917926885
module.layer2.3.conv3.weight,0.4,76.112,92.878,0.9649631861521267
module.layer2.3.conv3.weight,0.45,76.116,92.892,0.9649006882492372
module.layer2.3.conv3.weight,0.5,76.134,92.888,0.9651850543308013
module.layer2.3.conv3.weight,0.55,76.104,92.874,0.965510496299486
module.layer2.3.conv3.weight,0.6000000000000001,76.064,92.91,0.9661252702377279
module.layer2.3.conv3.weight,0.65,76.01599999999999,92.892,0.9672626925214207
module.layer2.3.conv3.weight,0.7000000000000001,75.95,92.914,0.9682450452629402
module.layer2.3.conv3.weight,0.75,75.904,92.866,0.9706645395834831
module.layer2.3.conv3.weight,0.8,75.696,92.776,0.977783455684477
module.layer2.3.conv3.weight,0.8500000000000001,75.416,92.686,0.98778309277734
module.layer2.3.conv3.weight,0.9,74.836,92.326,1.0141454922909632
module.layer3.0.conv1.weight,0.0,76.13,92.862,0.9646787427517838
module.layer3.0.conv1.weight,0.05,76.128,92.866,0.9646986855992249
module.layer3.0.conv1.weight,0.1,76.116,92.852,0.9647666510118513
module.layer3.0.conv1.weight,0.15000000000000002,76.078,92.878,0.9648541060029243
module.layer3.0.conv1.weight,0.2,76.05199999999999,92.902,0.9652359096371397
module.layer3.0.conv1.weight,0.25,76.108,92.86999999999999,0.965800751456801
module.layer3.0.conv1.weight,0.30000000000000004,76.048,92.84599999999999,0.966530359521204
module.layer3.0.conv1.weight,0.35000000000000003,76.066,92.804,0.9695904283043074
module.layer3.0.conv1.weight,0.4,76.018,92.746,0.9725942615495649
module.layer3.0.conv1.weight,0.45,75.956,92.732,0.9760302487684757
module.layer3.0.conv1.weight,0.5,75.81599999999999,92.65,0.979457849826739
module.layer3.0.conv1.weight,0.55,75.67,92.642,0.9842076368477881
module.layer3.0.conv1.weight,0.6000000000000001,75.56,92.572,0.9879028001153953
module.layer3.0.conv1.weight,0.65,75.312,92.432,0.9970942337294016
module.layer3.0.conv1.weight,0.7000000000000001,74.924,92.252,1.018209702886489
module.layer3.0.conv1.weight,0.75,73.94800000000001,91.706,1.0586785162437933
module.layer3.0.conv1.weight,0.8,73.22800000000001,91.426,1.0887198769012278
module.layer3.0.conv1.weight,0.8500000000000001,70.71000000000001,89.776,1.2030445803336949
module.layer3.0.conv1.weight,0.9,66.534,87.264,1.3950068161499747
module.layer3.0.conv2.weight,0.0,76.13,92.862,0.9646787427517838
module.layer3.0.conv2.weight,0.05,76.128,92.862,0.96466123016209
module.layer3.0.conv2.weight,0.1,76.104,92.86999999999999,0.9647136878754415
module.layer3.0.conv2.weight,0.15000000000000002,76.11,92.872,0.9649044777817873
module.layer3.0.conv2.weight,0.2,76.132,92.876,0.9649300959189326
module.layer3.0.conv2.weight,0.25,76.094,92.872,0.9647099726966457
module.layer3.0.conv2.weight,0.30000000000000004,76.066,92.896,0.964759351039419
module.layer3.0.conv2.weight,0.35000000000000003,76.07,92.896,0.9649160200996056
module.layer3.0.conv2.weight,0.4,76.076,92.898,0.9649002872103332
module.layer3.0.conv2.weight,0.45,76.09,92.888,0.9654294932831304
module.layer3.0.conv2.weight,0.5,76.048,92.842,0.9661022763775315
module.layer3.0.conv2.weight,0.55,75.96000000000001,92.842,0.9678429370479925
module.layer3.0.conv2.weight,0.6000000000000001,75.868,92.848,0.970880134601374
module.layer3.0.conv2.weight,0.65,75.71,92.754,0.9764087628953313
module.layer3.0.conv2.weight,0.7000000000000001,75.59400000000001,92.648,0.984787655576151
module.layer3.0.conv2.weight,0.75,75.25,92.54400000000001,0.996734048030814
module.layer3.0.conv2.weight,0.8,74.706,92.24,1.0171659575129044
module.layer3.0.conv2.weight,0.8500000000000001,73.85,91.818,1.055330268810598
module.layer3.0.conv2.weight,0.9,71.942,90.704,1.1388357670939693
module.layer3.0.conv3.weight,0.0,76.13,92.862,0.9646787427517838
module.layer3.0.conv3.weight,0.05,76.12400000000001,92.862,0.964676117562518
module.layer3.0.conv3.weight,0.1,76.126,92.86999999999999,0.9645815774494291
module.layer3.0.conv3.weight,0.15000000000000002,76.122,92.854,0.9648025568042484
module.layer3.0.conv3.weight,0.2,76.08200000000001,92.866,0.964514705371492
module.layer3.0.conv3.weight,0.25,76.08200000000001,92.872,0.9648352010669761
module.layer3.0.conv3.weight,0.30000000000000004,76.074,92.892,0.9652954628120877
module.layer3.0.conv3.weight,0.35000000000000003,76.032,92.898,0.9654346135045799
module.layer3.0.conv3.weight,0.4,76.05999999999999,92.902,0.9647958740896112
module.layer3.0.conv3.weight,0.45,76.03,92.894,0.9658715432243686
module.layer3.0.conv3.weight,0.5,75.99000000000001,92.89,0.9664546670202092
module.layer3.0.conv3.weight,0.55,75.89399999999999,92.828,0.9695365016101577
module.layer3.0.conv3.weight,0.6000000000000001,75.836,92.82000000000001,0.97284082650226
module.layer3.0.conv3.weight,0.65,75.75,92.73599999999999,0.9768770223825559
module.layer3.0.conv3.weight,0.7000000000000001,75.59400000000001,92.606,0.9837085415362096
module.layer3.0.conv3.weight,0.75,75.274,92.434,0.9974200483791682
module.layer3.0.conv3.weight,0.8,74.8,92.22200000000001,1.0193396499570542
module.layer3.0.conv3.weight,0.8500000000000001,73.966,91.78399999999999,1.0585354338495103
module.layer3.0.conv3.weight,0.9,71.25600000000001,90.31,1.1696106887289448
module.layer3.0.downsample.0.weight,0.0,76.13,92.862,0.9646787427517838
module.layer3.0.downsample.0.weight,0.05,76.13,92.862,0.9646805020011199
module.layer3.0.downsample.0.weight,0.1,76.12,92.85600000000001,0.9646926272888575
module.layer3.0.downsample.0.weight,0.15000000000000002,76.106,92.86,0.9646905387694743
module.layer3.0.downsample.0.weight,0.2,76.084,92.862,0.9649784728428544
module.layer3.0.downsample.0.weight,0.25,76.094,92.85600000000001,0.965061750186949
module.layer3.0.downsample.0.weight,0.30000000000000004,76.066,92.874,0.9652989843518152
module.layer3.0.downsample.0.weight,0.35000000000000003,76.02,92.85600000000001,0.9656378523427611
module.layer3.0.downsample.0.weight,0.4,76.018,92.904,0.966106636487708
module.layer3.0.downsample.0.weight,0.45,75.994,92.884,0.9665265312912514
module.layer3.0.downsample.0.weight,0.5,76.018,92.93400000000001,0.9664771436732641
module.layer3.0.downsample.0.weight,0.55,75.964,92.89,0.9668733922346513
module.layer3.0.downsample.0.weight,0.6000000000000001,76.044,92.85600000000001,0.9678227956197699
module.layer3.0.downsample.0.weight,0.65,75.978,92.864,0.9690192020213116
module.layer3.0.downsample.0.weight,0.7000000000000001,75.878,92.89,0.9725647250912626
module.layer3.0.downsample.0.weight,0.75,75.87,92.798,0.9755383309509071
module.layer3.0.downsample.0.weight,0.8,75.68599999999999,92.682,0.9813663391586468
module.layer3.0.downsample.0.weight,0.8500000000000001,75.286,92.498,0.996170319312689
module.layer3.0.downsample.0.weight,0.9,74.662,92.146,1.0235150465551688
module.layer3.1.conv1.weight,0.0,76.13,92.862,0.9646787427517838
module.layer3.1.conv1.weight,0.05,76.13,92.862,0.9646792915858784
module.layer3.1.conv1.weight,0.1,76.128,92.866,0.9646992808093829
module.layer3.1.conv1.weight,0.15000000000000002,76.13,92.854,0.9646729151813351
module.layer3.1.conv1.weight,0.2,76.122,92.874,0.9645742804420235
module.layer3.1.conv1.weight,0.25,76.118,92.86,0.9644133454682878
module.layer3.1.conv1.weight,0.30000000000000004,76.11,92.864,0.9644859281881729
module.layer3.1.conv1.weight,0.35000000000000003,76.118,92.872,0.9646220206454093
module.layer3.1.conv1.weight,0.4,76.114,92.9,0.9645282083324026
module.layer3.1.conv1.weight,0.45,76.116,92.898,0.964505309048964
module.layer3.1.conv1.weight,0.5,76.12,92.902,0.9640558056381285
module.layer3.1.conv1.weight,0.55,76.128,92.93599999999999,0.9645731675685671
module.layer3.1.conv1.weight,0.6000000000000001,76.14,92.9,0.9646663646764901
module.layer3.1.conv1.weight,0.65,76.09,92.888,0.9656475602972258
module.layer3.1.conv1.weight,0.7000000000000001,76.094,92.886,0.967077114752361
module.layer3.1.conv1.weight,0.75,76.046,92.894,0.9703790512772245
module.layer3.1.conv1.weight,0.8,75.87,92.796,0.9768707276302943
module.layer3.1.conv1.weight,0.8500000000000001,75.658,92.66799999999999,0.988437716145905
module.layer3.1.conv1.weight,0.9,75.01400000000001,92.378,1.0150266432640491
module.layer3.1.conv2.weight,0.0,76.13,92.862,0.9646787427517838
module.layer3.1.conv2.weight,0.05,76.122,92.864,0.964683537276424
module.layer3.1.conv2.weight,0.1,76.128,92.866,0.9646303069834805
module.layer3.1.conv2.weight,0.15000000000000002,76.11,92.86999999999999,0.9644596203401382
module.layer3.1.conv2.weight,0.2,76.122,92.872,0.9641534042145522
module.layer3.1.conv2.weight,0.25,76.102,92.862,0.9641351497599053
module.layer3.1.conv2.weight,0.30000000000000004,76.08,92.868,0.9642095778669632
module.layer3.1.conv2.weight,0.35000000000000003,76.05999999999999,92.85,0.9643706963682659
module.layer3.1.conv2.weight,0.4,76.02,92.86999999999999,0.9642955633450527
module.layer3.1.conv2.weight,0.45,75.99000000000001,92.874,0.964872801030169
module.layer3.1.conv2.weight,0.5,75.98,92.85799999999999,0.9655899885965855
module.layer3.1.conv2.weight,0.55,75.972,92.84599999999999,0.9663319111022414
module.layer3.1.conv2.weight,0.6000000000000001,75.95,92.84,0.9678232706322963
module.layer3.1.conv2.weight,0.65,75.866,92.794,0.9700952506795218
module.layer3.1.conv2.weight,0.7000000000000001,75.74600000000001,92.73,0.9736671572437098
module.layer3.1.conv2.weight,0.75,75.536,92.696,0.9829493057819043
module.layer3.1.conv2.weight,0.8,75.098,92.51,1.0021586570204524
module.layer3.1.conv2.weight,0.8500000000000001,74.20400000000001,92.04,1.0441322747846038
module.layer3.1.conv2.weight,0.9,71.45,90.48,1.1873420952838292
module.layer3.1.conv3.weight,0.0,76.13,92.862,0.9646787427517838
module.layer3.1.conv3.weight,0.05,76.13,92.85600000000001,0.9646868004026465
module.layer3.1.conv3.weight,0.1,76.144,92.85799999999999,0.9647219911673848
module.layer3.1.conv3.weight,0.15000000000000002,76.118,92.872,0.9647308294566312
module.layer3.1.conv3.weight,0.2,76.122,92.872,0.964773735145525
module.layer3.1.conv3.weight,0.25,76.114,92.86999999999999,0.9648467378348722
module.layer3.1.conv3.weight,0.30000000000000004,76.13,92.86,0.9651210793883219
module.layer3.1.conv3.weight,0.35000000000000003,76.114,92.876,0.9655985991109387
module.layer3.1.conv3.weight,0.4,76.102,92.874,0.9653445805365942
module.layer3.1.conv3.weight,0.45,76.088,92.85799999999999,0.9654791384023061
module.layer3.1.conv3.weight,0.5,76.048,92.84,0.9668851160273264
module.layer3.1.conv3.weight,0.55,76.076,92.866,0.9675863829954544
module.layer3.1.conv3.weight,0.6000000000000001,76.03999999999999,92.804,0.9682667971569662
module.layer3.1.conv3.weight,0.65,76.008,92.85,0.9688294164228196
module.layer3.1.conv3.weight,0.7000000000000001,75.956,92.85,0.9691539402214844
module.layer3.1.conv3.weight,0.75,75.928,92.822,0.971425429822839
module.layer3.1.conv3.weight,0.8,75.756,92.782,0.9754322681347934
module.layer3.1.conv3.weight,0.8500000000000001,75.644,92.718,0.9812127816281758
module.layer3.1.conv3.weight,0.9,75.318,92.45400000000001,0.9973772087571573
module.layer3.2.conv1.weight,0.0,76.13,92.862,0.9646787427517838
module.layer3.2.conv1.weight,0.05,76.13799999999999,92.862,0.9646793522548915
module.layer3.2.conv1.weight,0.1,76.12400000000001,92.866,0.9646676148535037
module.layer3.2.conv1.weight,0.15000000000000002,76.12400000000001,92.868,0.9646617519308113
module.layer3.2.conv1.weight,0.2,76.128,92.854,0.9646793083116717
module.layer3.2.conv1.weight,0.25,76.1,92.854,0.9647970254323919
module.layer3.2.conv1.weight,0.30000000000000004,76.088,92.866,0.9647452232180809
module.layer3.2.conv1.weight,0.35000000000000003,76.094,92.884,0.9647917669950697
module.layer3.2.conv1.weight,0.4,76.122,92.876,0.9650888278776287
module.layer3.2.conv1.weight,0.45,76.056,92.848,0.9654530649434543
module.layer3.2.conv1.weight,0.5,76.064,92.86999999999999,0.9658639555682942
module.layer3.2.conv1.weight,0.55,76.026,92.866,0.9659980076308157
module.layer3.2.conv1.weight,0.6000000000000001,75.998,92.886,0.9669900305417118
module.layer3.2.conv1.weight,0.65,75.988,92.88,0.9681768642396343
module.layer3.2.conv1.weight,0.7000000000000001,75.952,92.894,0.970161166574274
module.layer3.2.conv1.weight,0.75,75.862,92.80199999999999,0.972266909267221
module.layer3.2.conv1.weight,0.8,75.744,92.746,0.9776691774628599
module.layer3.2.conv1.weight,0.8500000000000001,75.588,92.616,0.9863365700050277
module.layer3.2.conv1.weight,0.9,75.236,92.398,1.0023470365119223
module.layer3.2.conv2.weight,0.0,76.13,92.862,0.9646787427517838
module.layer3.2.conv2.weight,0.05,76.13,92.864,0.9646825091723279
module.layer3.2.conv2.weight,0.1,76.144,92.866,0.964602196475073
module.layer3.2.conv2.weight,0.15000000000000002,76.142,92.86999999999999,0.964577071064589
module.layer3.2.conv2.weight,0.2,76.146,92.876,0.9645979998975381
module.layer3.2.conv2.weight,0.25,76.14,92.888,0.9646989812656326
module.layer3.2.conv2.weight,0.30000000000000004,76.114,92.864,0.964687994472226
module.layer3.2.conv2.weight,0.35000000000000003,76.11,92.872,0.9650087107201009
module.layer3.2.conv2.weight,0.4,76.12400000000001,92.884,0.9650114662185005
module.layer3.2.conv2.weight,0.45,76.122,92.874,0.9646442856411545
module.layer3.2.conv2.weight,0.5,76.092,92.86999999999999,0.9649810229181022
module.layer3.2.conv2.weight,0.55,76.062,92.9,0.9651345307273524
module.layer3.2.conv2.weight,0.6000000000000001,76.058,92.902,0.9653894126567306
module.layer3.2.conv2.weight,0.65,76.022,92.91199999999999,0.9669773318633736
module.layer3.2.conv2.weight,0.7000000000000001,76.036,92.888,0.9683756972758141
module.layer3.2.conv2.weight,0.75,75.94,92.86,0.9715388091851254
module.layer3.2.conv2.weight,0.8,75.774,92.742,0.977516751508324
module.layer3.2.conv2.weight,0.8500000000000001,75.496,92.66,0.9866685969184857
module.layer3.2.conv2.weight,0.9,75.058,92.448,1.00357077255541
module.layer3.2.conv3.weight,0.0,76.13,92.862,0.9646787427517838
module.layer3.2.conv3.weight,0.05,76.12400000000001,92.86,0.9647090281454885
module.layer3.2.conv3.weight,0.1,76.126,92.85600000000001,0.9647613263555939
module.layer3.2.conv3.weight,0.15000000000000002,76.1,92.852,0.9649118450375237
module.layer3.2.conv3.weight,0.2,76.13600000000001,92.86999999999999,0.9648507513409971
module.layer3.2.conv3.weight,0.25,76.126,92.864,0.9648011372405654
module.layer3.2.conv3.weight,0.30000000000000004,76.092,92.878,0.965119428780614
module.layer3.2.conv3.weight,0.35000000000000003,76.088,92.894,0.9658800799931799
module.layer3.2.conv3.weight,0.4,76.068,92.88,0.9663948779355505
module.layer3.2.conv3.weight,0.45,76.036,92.88,0.9669374879829742
module.layer3.2.conv3.weight,0.5,76.036,92.85600000000001,0.9681604728102682
module.layer3.2.conv3.weight,0.55,76.018,92.822,0.9697346177940467
module.layer3.2.conv3.weight,0.6000000000000001,75.97,92.824,0.9717114762384069
module.layer3.2.conv3.weight,0.65,75.822,92.83,0.9731569489350126
module.layer3.2.conv3.weight,0.7000000000000001,75.798,92.828,0.9765219081725391
module.layer3.2.conv3.weight,0.75,75.792,92.784,0.9807458788308566
module.layer3.2.conv3.weight,0.8,75.642,92.732,0.9891473098220874
module.layer3.2.conv3.weight,0.8500000000000001,75.466,92.66,0.9976809423949027
module.layer3.2.conv3.weight,0.9,75.116,92.514,1.0122669345262103
module.layer3.3.conv1.weight,0.0,76.13,92.862,0.9646787427517838
module.layer3.3.conv1.weight,0.05,76.132,92.85799999999999,0.9646675888524981
module.layer3.3.conv1.weight,0.1,76.128,92.854,0.9646974930501715
module.layer3.3.conv1.weight,0.15000000000000002,76.132,92.86,0.9646218584812419
module.layer3.3.conv1.weight,0.2,76.12,92.86,0.9645756933914157
module.layer3.3.conv1.weight,0.25,76.116,92.866,0.9646282034108837
module.layer3.3.conv1.weight,0.30000000000000004,76.076,92.878,0.9646197292117443
module.layer3.3.conv1.weight,0.35000000000000003,76.08,92.886,0.9645805957213957
module.layer3.3.conv1.weight,0.4,76.106,92.894,0.9646671480518213
module.layer3.3.conv1.weight,0.45,76.078,92.884,0.9646329316405612
module.layer3.3.conv1.weight,0.5,76.048,92.886,0.9647662264808097
module.layer3.3.conv1.weight,0.55,76.046,92.91,0.9648593042273913
module.layer3.3.conv1.weight,0.6000000000000001,75.974,92.902,0.9659213504316855
module.layer3.3.conv1.weight,0.65,75.906,92.92200000000001,0.9671081265776739
module.layer3.3.conv1.weight,0.7000000000000001,75.896,92.84,0.969545739645861
module.layer3.3.conv1.weight,0.75,75.818,92.78800000000001,0.9738785502101701
module.layer3.3.conv1.weight,0.8,75.646,92.726,0.9806530854987858
module.layer3.3.conv1.weight,0.8500000000000001,75.32,92.58,0.9960040945787823
module.layer3.3.conv1.weight,0.9,74.664,92.14,1.0270804958988209
module.layer3.3.conv2.weight,0.0,76.13,92.862,0.9646787427517838
module.layer3.3.conv2.weight,0.05,76.13600000000001,92.864,0.9646761035736725
module.layer3.3.conv2.weight,0.1,76.134,92.862,0.9647696021260046
module.layer3.3.conv2.weight,0.15000000000000002,76.126,92.85799999999999,0.9647392530982597
module.layer3.3.conv2.weight,0.2,76.09,92.854,0.9647834782241551
module.layer3.3.conv2.weight,0.25,76.08200000000001,92.872,0.9649919012219323
module.layer3.3.conv2.weight,0.30000000000000004,76.064,92.85799999999999,0.9649482090406272
module.layer3.3.conv2.weight,0.35000000000000003,76.05,92.85600000000001,0.9653666897543838
module.layer3.3.conv2.weight,0.4,76.05,92.872,0.9651776723259565
module.layer3.3.conv2.weight,0.45,76.05199999999999,92.88,0.9654497814421751
module.layer3.3.conv2.weight,0.5,76.0,92.876,0.9669132796781404
module.layer3.3.conv2.weight,0.55,76.00200000000001,92.852,0.9681525002328725
module.layer3.3.conv2.weight,0.6000000000000001,75.948,92.854,0.9702906205641976
module.layer3.3.conv2.weight,0.65,75.742,92.796,0.9751850606835615
module.layer3.3.conv2.weight,0.7000000000000001,75.592,92.72399999999999,0.9797372674303393
module.layer3.3.conv2.weight,0.75,75.36,92.646,0.9878130858497962
module.layer3.3.conv2.weight,0.8,74.972,92.452,1.0042605957358468
module.layer3.3.conv2.weight,0.8500000000000001,74.356,92.13,1.0322711422127122
module.layer3.3.conv2.weight,0.9,73.336,91.538,1.0785027895959058
module.layer3.3.conv3.weight,0.0,76.13,92.862,0.9646787427517838
module.layer3.3.conv3.weight,0.05,76.134,92.866,0.9646863440165715
module.layer3.3.conv3.weight,0.1,76.13600000000001,92.86999999999999,0.9647435234213364
module.layer3.3.conv3.weight,0.15000000000000002,76.128,92.864,0.9648672080009568
module.layer3.3.conv3.weight,0.2,76.13,92.86,0.9649077560372499
module.layer3.3.conv3.weight,0.25,76.132,92.85,0.9649015097137615
module.layer3.3.conv3.weight,0.30000000000000004,76.11,92.84599999999999,0.9652743097014577
module.layer3.3.conv3.weight,0.35000000000000003,76.102,92.854,0.9652141876214625
module.layer3.3.conv3.weight,0.4,76.08200000000001,92.866,0.9650193477923774
module.layer3.3.conv3.weight,0.45,76.01,92.862,0.9650710302652142
module.layer3.3.conv3.weight,0.5,76.02,92.886,0.9657611336787141
module.layer3.3.conv3.weight,0.55,76.086,92.848,0.9670078995428522
module.layer3.3.conv3.weight,0.6000000000000001,76.028,92.84599999999999,0.9689767546191502
module.layer3.3.conv3.weight,0.65,75.99000000000001,92.83399999999999,0.9709319831917477
module.layer3.3.conv3.weight,0.7000000000000001,75.968,92.77,0.9738261214628513
module.layer3.3.conv3.weight,0.75,75.908,92.758,0.9763602048766857
module.layer3.3.conv3.weight,0.8,75.774,92.71000000000001,0.981126003727621
module.layer3.3.conv3.weight,0.8500000000000001,75.642,92.692,0.9881211832469824
module.layer3.3.conv3.weight,0.9,75.33999999999999,92.55799999999999,1.0010539446102118
module.layer3.4.conv1.weight,0.0,76.13,92.862,0.9646787427517838
module.layer3.4.conv1.weight,0.05,76.132,92.868,0.9646705359372554
module.layer3.4.conv1.weight,0.1,76.128,92.86999999999999,0.964728718053322
module.layer3.4.conv1.weight,0.15000000000000002,76.13,92.866,0.9648237857131323
module.layer3.4.conv1.weight,0.2,76.12400000000001,92.862,0.9649706519379901
module.layer3.4.conv1.weight,0.25,76.11,92.85600000000001,0.9651829397343857
module.layer3.4.conv1.weight,0.30000000000000004,76.094,92.872,0.9654156705554653
module.layer3.4.conv1.weight,0.35000000000000003,76.102,92.868,0.965497753753954
module.layer3.4.conv1.weight,0.4,76.13600000000001,92.86,0.9657109740893454
module.layer3.4.conv1.weight,0.45,76.098,92.842,0.966798466991405
module.layer3.4.conv1.weight,0.5,76.072,92.842,0.9680390573885973
module.layer3.4.conv1.weight,0.55,76.042,92.874,0.96897750279429
module.layer3.4.conv1.weight,0.6000000000000001,75.992,92.85799999999999,0.9705064177361068
module.layer3.4.conv1.weight,0.65,75.89,92.828,0.972574287987485
module.layer3.4.conv1.weight,0.7000000000000001,75.72,92.746,0.9782453434047655
module.layer3.4.conv1.weight,0.75,75.598,92.66,0.987525142425177
module.layer3.4.conv1.weight,0.8,75.18,92.44,1.002630942178016
module.layer3.4.conv1.weight,0.8500000000000001,74.544,91.97800000000001,1.0348933028171254
module.layer3.4.conv1.weight,0.9,73.188,91.226,1.0957399199963838
module.layer3.4.conv2.weight,0.0,76.13,92.862,0.9646787427517838
module.layer3.4.conv2.weight,0.05,76.13600000000001,92.864,0.9646854000736255
module.layer3.4.conv2.weight,0.1,76.128,92.866,0.964652440757776
module.layer3.4.conv2.weight,0.15000000000000002,76.12,92.85600000000001,0.9647452630558794
module.layer3.4.conv2.weight,0.2,76.122,92.86,0.9648308364712465
module.layer3.4.conv2.weight,0.25,76.106,92.878,0.9651189753595665
module.layer3.4.conv2.weight,0.30000000000000004,76.096,92.878,0.9650676345490681
module.layer3.4.conv2.weight,0.35000000000000003,76.08200000000001,92.89,0.9651959442666594
module.layer3.4.conv2.weight,0.4,76.112,92.878,0.9652800365370151
module.layer3.4.conv2.weight,0.45,76.152,92.854,0.965791272873781
module.layer3.4.conv2.weight,0.5,76.03999999999999,92.874,0.9676441623240094
module.layer3.4.conv2.weight,0.55,76.034,92.85,0.969448388763228
module.layer3.4.conv2.weight,0.6000000000000001,75.908,92.848,0.9714987894558172
module.layer3.4.conv2.weight,0.65,75.912,92.77,0.9736745516408469
module.layer3.4.conv2.weight,0.7000000000000001,75.736,92.73400000000001,0.9780334536822479
module.layer3.4.conv2.weight,0.75,75.606,92.586,0.9866866562895628
module.layer3.4.conv2.weight,0.8,75.248,92.458,1.0010779660423195
module.layer3.4.conv2.weight,0.8500000000000001,74.638,92.148,1.025234502645172
module.layer3.4.conv2.weight,0.9,73.728,91.632,1.069877805910549
module.layer3.4.conv3.weight,0.0,76.13,92.862,0.9646787427517838
module.layer3.4.conv3.weight,0.05,76.12400000000001,92.864,0.9646636843681338
module.layer3.4.conv3.weight,0.1,76.12,92.864,0.9647488717217837
module.layer3.4.conv3.weight,0.15000000000000002,76.13,92.866,0.9646777867966769
module.layer3.4.conv3.weight,0.2,76.12400000000001,92.864,0.9646077179635058
module.layer3.4.conv3.weight,0.25,76.106,92.872,0.9649061335592856
module.layer3.4.conv3.weight,0.30000000000000004,76.094,92.876,0.965352285425274
module.layer3.4.conv3.weight,0.35000000000000003,76.112,92.886,0.9650257258694999
module.layer3.4.conv3.weight,0.4,76.104,92.884,0.9659240639635494
module.layer3.4.conv3.weight,0.45,76.08,92.898,0.9663106719298018
module.layer3.4.conv3.weight,0.5,76.03999999999999,92.906,0.9667825857747575
module.layer3.4.conv3.weight,0.55,76.078,92.91,0.967009590824648
module.layer3.4.conv3.weight,0.6000000000000001,76.03800000000001,92.908,0.9679247450311577
module.layer3.4.conv3.weight,0.65,75.982,92.888,0.9703256331992394
module.layer3.4.conv3.weight,0.7000000000000001,75.88000000000001,92.83399999999999,0.9723919355595597
module.layer3.4.conv3.weight,0.75,75.842,92.83,0.9769722969860444
module.layer3.4.conv3.weight,0.8,75.744,92.776,0.9831065818363305
module.layer3.4.conv3.weight,0.8500000000000001,75.524,92.662,0.9928043412462791
module.layer3.4.conv3.weight,0.9,75.2,92.482,1.008693651353218
module.layer3.5.conv1.weight,0.0,76.13,92.862,0.9646787427517838
module.layer3.5.conv1.weight,0.05,76.13600000000001,92.862,0.9646745354545362
module.layer3.5.conv1.weight,0.1,76.128,92.872,0.9646863319283846
module.layer3.5.conv1.weight,0.15000000000000002,76.12400000000001,92.874,0.964657988095162
module.layer3.5.conv1.weight,0.2,76.128,92.854,0.9647444543637794
module.layer3.5.conv1.weight,0.25,76.13,92.83399999999999,0.9650450590617802
module.layer3.5.conv1.weight,0.30000000000000004,76.13,92.854,0.9651878087648319
module.layer3.5.conv1.weight,0.35000000000000003,76.1,92.86999999999999,0.9651081390982988
module.layer3.5.conv1.weight,0.4,76.088,92.876,0.9651437747691362
module.layer3.5.conv1.weight,0.45,76.05,92.806,0.9669765761616282
module.layer3.5.conv1.weight,0.5,75.982,92.804,0.9688942928855521
module.layer3.5.conv1.weight,0.55,75.884,92.794,0.9708974252702023
module.layer3.5.conv1.weight,0.6000000000000001,75.81599999999999,92.738,0.9744863222752302
module.layer3.5.conv1.weight,0.65,75.712,92.73,0.977926247430091
module.layer3.5.conv1.weight,0.7000000000000001,75.588,92.622,0.9878053006773091
module.layer3.5.conv1.weight,0.75,75.246,92.418,1.004152416270606
module.layer3.5.conv1.weight,0.8,74.612,92.06400000000001,1.029494696809929
module.layer3.5.conv1.weight,0.8500000000000001,73.646,91.46,1.0739336637970134
module.layer3.5.conv1.weight,0.9,70.872,89.97,1.190520921988147
module.layer3.5.conv2.weight,0.0,76.13,92.862,0.9646787427517838
module.layer3.5.conv2.weight,0.05,76.12400000000001,92.866,0.9646538770472518
module.layer3.5.conv2.weight,0.1,76.128,92.866,0.9647203095409335
module.layer3.5.conv2.weight,0.15000000000000002,76.128,92.86999999999999,0.9647349877168938
module.layer3.5.conv2.weight,0.2,76.112,92.872,0.9648033344015787
module.layer3.5.conv2.weight,0.25,76.118,92.882,0.9648947976529599
module.layer3.5.conv2.weight,0.30000000000000004,76.08200000000001,92.902,0.9654063195446317
module.layer3.5.conv2.weight,0.35000000000000003,76.08,92.906,0.9658181373866233
module.layer3.5.conv2.weight,0.4,76.01599999999999,92.908,0.9667978783195116
module.layer3.5.conv2.weight,0.45,75.944,92.892,0.9673085880978982
module.layer3.5.conv2.weight,0.5,75.972,92.876,0.9679759553804688
module.layer3.5.conv2.weight,0.55,75.956,92.878,0.9698539878792908
module.layer3.5.conv2.weight,0.6000000000000001,75.936,92.86999999999999,0.9712723267017582
module.layer3.5.conv2.weight,0.65,75.832,92.83200000000001,0.9755412869307459
module.layer3.5.conv2.weight,0.7000000000000001,75.622,92.784,0.9820545564348603
module.layer3.5.conv2.weight,0.75,75.436,92.702,0.9908605442211338
module.layer3.5.conv2.weight,0.8,75.116,92.55,1.0033516705948478
module.layer3.5.conv2.weight,0.8500000000000001,74.644,92.234,1.026049519984089
module.layer3.5.conv2.weight,0.9,73.69200000000001,91.662,1.068616030243587
module.layer3.5.conv3.weight,0.0,76.13,92.862,0.9646787427517838
module.layer3.5.conv3.weight,0.05,76.12,92.86999999999999,0.9646685988623266
module.layer3.5.conv3.weight,0.1,76.128,92.866,0.9647082207458362
module.layer3.5.conv3.weight,0.15000000000000002,76.144,92.876,0.9647457076578728
module.layer3.5.conv3.weight,0.2,76.12,92.884,0.9650524072349073
module.layer3.5.conv3.weight,0.25,76.13600000000001,92.9,0.9652635309160972
module.layer3.5.conv3.weight,0.30000000000000004,76.15,92.884,0.965458774140903
module.layer3.5.conv3.weight,0.35000000000000003,76.092,92.896,0.9658322594299605
module.layer3.5.conv3.weight,0.4,76.11,92.898,0.9662163265961773
module.layer3.5.conv3.weight,0.45,76.112,92.86,0.9670077899889071
module.layer3.5.conv3.weight,0.5,76.058,92.854,0.9681087097495185
module.layer3.5.conv3.weight,0.55,76.02,92.816,0.9697261223835605
module.layer3.5.conv3.weight,0.6000000000000001,75.996,92.83399999999999,0.9715554746894202
module.layer3.5.conv3.weight,0.65,75.946,92.756,0.97424751185641
module.layer3.5.conv3.weight,0.7000000000000001,75.788,92.728,0.9781782069832694
module.layer3.5.conv3.weight,0.75,75.654,92.688,0.9855461969059341
module.layer3.5.conv3.weight,0.8,75.446,92.62599999999999,0.9911223890982115
module.layer3.5.conv3.weight,0.8500000000000001,75.134,92.486,1.0054024407754143
module.layer3.5.conv3.weight,0.9,74.642,92.22399999999999,1.026280406786471
module.layer4.0.conv1.weight,0.0,76.13,92.862,0.9646787427517838
module.layer4.0.conv1.weight,0.05,76.122,92.866,0.9647691911276507
module.layer4.0.conv1.weight,0.1,76.108,92.862,0.965236447295364
module.layer4.0.conv1.weight,0.15000000000000002,76.09,92.84599999999999,0.9654265738719581
module.layer4.0.conv1.weight,0.2,76.05999999999999,92.816,0.9659110477992466
module.layer4.0.conv1.weight,0.25,76.062,92.83399999999999,0.9657878983689812
module.layer4.0.conv1.weight,0.30000000000000004,76.08200000000001,92.824,0.9664014105742077
module.layer4.0.conv1.weight,0.35000000000000003,76.07,92.82000000000001,0.9673862221593761
module.layer4.0.conv1.weight,0.4,75.992,92.83200000000001,0.9697358537541358
module.layer4.0.conv1.weight,0.45,75.954,92.754,0.9731795441131199
module.layer4.0.conv1.weight,0.5,75.852,92.688,0.977329336791014
module.layer4.0.conv1.weight,0.55,75.624,92.65,0.9818790628745847
module.layer4.0.conv1.weight,0.6000000000000001,75.394,92.634,0.9876056928567741
module.layer4.0.conv1.weight,0.65,75.068,92.49199999999999,1.0007976301166477
module.layer4.0.conv1.weight,0.7000000000000001,74.646,92.374,1.016528273267405
module.layer4.0.conv1.weight,0.75,74.094,92.036,1.0411688048316512
module.layer4.0.conv1.weight,0.8,73.17,91.572,1.0796372804562657
module.layer4.0.conv1.weight,0.8500000000000001,71.58200000000001,90.546,1.1536683601384272
module.layer4.0.conv1.weight,0.9,68.716,89.064,1.2719861918262068
module.layer4.0.conv2.weight,0.0,76.13,92.862,0.9646787427517838
module.layer4.0.conv2.weight,0.05,76.132,92.864,0.9646616388036285
module.layer4.0.conv2.weight,0.1,76.13,92.868,0.9646456802681996
module.layer4.0.conv2.weight,0.15000000000000002,76.112,92.872,0.9646666379151296
module.layer4.0.conv2.weight,0.2,76.102,92.882,0.9646386815120975
module.layer4.0.conv2.weight,0.25,76.098,92.862,0.9649216078830004
module.layer4.0.conv2.weight,0.30000000000000004,76.08200000000001,92.874,0.9651979284018888
module.layer4.0.conv2.weight,0.35000000000000003,76.042,92.85,0.9654971716203253
module.layer4.0.conv2.weight,0.4,76.05,92.866,0.9653664685937821
module.layer4.0.conv2.weight,0.45,76.042,92.85600000000001,0.96651311271957
module.layer4.0.conv2.weight,0.5,75.98,92.894,0.9679279871741124
module.layer4.0.conv2.weight,0.55,75.94,92.85799999999999,0.9706180818683036
module.layer4.0.conv2.weight,0.6000000000000001,75.9,92.796,0.9747372131262512
module.layer4.0.conv2.weight,0.65,75.678,92.662,0.9804567112302296
module.layer4.0.conv2.weight,0.7000000000000001,75.28399999999999,92.486,0.9928339525144924
module.layer4.0.conv2.weight,0.75,74.664,92.208,1.015144149715803
module.layer4.0.conv2.weight,0.8,73.57199999999999,91.66,1.0632658918597269
module.layer4.0.conv2.weight,0.8500000000000001,71.56400000000001,90.526,1.158355588207439
module.layer4.0.conv2.weight,0.9,66.274,87.40400000000001,1.4321018664204341
module.layer4.0.conv3.weight,0.0,76.13,92.862,0.9646787427517838
module.layer4.0.conv3.weight,0.05,76.144,92.866,0.9646243126872853
module.layer4.0.conv3.weight,0.1,76.13799999999999,92.868,0.9647068769804072
module.layer4.0.conv3.weight,0.15000000000000002,76.122,92.874,0.9647741754900434
module.layer4.0.conv3.weight,0.2,76.094,92.868,0.9654062889820458
module.layer4.0.conv3.weight,0.25,76.114,92.864,0.9658602686712937
module.layer4.0.conv3.weight,0.30000000000000004,76.072,92.868,0.966436926199465
module.layer4.0.conv3.weight,0.35000000000000003,76.046,92.852,0.9663910732737607
module.layer4.0.conv3.weight,0.4,75.972,92.84,0.9666790780516306
module.layer4.0.conv3.weight,0.45,75.952,92.84400000000001,0.9684242948281523
module.layer4.0.conv3.weight,0.5,75.912,92.808,0.9710859551417586
module.layer4.0.conv3.weight,0.55,75.83800000000001,92.786,0.9724007748371492
module.layer4.0.conv3.weight,0.6000000000000001,75.64999999999999,92.682,0.976852806323037
module.layer4.0.conv3.weight,0.65,75.44999999999999,92.562,0.9832673416453963
module.layer4.0.conv3.weight,0.7000000000000001,75.16000000000001,92.49199999999999,0.9897158986755781
module.layer4.0.conv3.weight,0.75,74.824,92.354,1.0037390080337625
module.layer4.0.conv3.weight,0.8,74.12,92.012,1.0289407155039358
module.layer4.0.conv3.weight,0.8500000000000001,73.056,91.448,1.0826600371878972
module.layer4.0.conv3.weight,0.9,71.182,90.49000000000001,1.1900964514637487
module.layer4.0.downsample.0.weight,0.0,76.13,92.862,0.9646787427517838
module.layer4.0.downsample.0.weight,0.05,76.13,92.868,0.9646604801623185
module.layer4.0.downsample.0.weight,0.1,76.144,92.86999999999999,0.9645810133340404
module.layer4.0.downsample.0.weight,0.15000000000000002,76.116,92.872,0.964726857156778
module.layer4.0.downsample.0.weight,0.2,76.104,92.884,0.9647985486959928
module.layer4.0.downsample.0.weight,0.25,76.102,92.892,0.96447850406474
module.layer4.0.downsample.0.weight,0.30000000000000004,76.092,92.892,0.9643411718460979
module.layer4.0.downsample.0.weight,0.35000000000000003,76.084,92.874,0.9642523823648086
module.layer4.0.downsample.0.weight,0.4,76.046,92.886,0.9645632262892866
module.layer4.0.downsample.0.weight,0.45,76.05199999999999,92.864,0.9645484682856774
module.layer4.0.downsample.0.weight,0.5,75.96000000000001,92.904,0.9641742040308152
module.layer4.0.downsample.0.weight,0.55,75.964,92.93599999999999,0.963264585757742
module.layer4.0.downsample.0.weight,0.6000000000000001,75.958,92.914,0.9641275291844291
module.layer4.0.downsample.0.weight,0.65,75.826,92.914,0.9659762876678479
module.layer4.0.downsample.0.weight,0.7000000000000001,75.728,92.848,0.9673505512883463
module.layer4.0.downsample.0.weight,0.75,75.58,92.822,0.9712456029896831
module.layer4.0.downsample.0.weight,0.8,75.414,92.75999999999999,0.9757710112905018
module.layer4.0.downsample.0.weight,0.8500000000000001,75.25,92.622,0.984938125525202
module.layer4.0.downsample.0.weight,0.9,74.944,92.444,0.997572987435424
module.layer4.1.conv1.weight,0.0,76.13,92.862,0.9646787427517838
module.layer4.1.conv1.weight,0.05,76.12,92.862,0.9646321842256854
module.layer4.1.conv1.weight,0.1,76.13799999999999,92.866,0.9648048239855136
module.layer4.1.conv1.weight,0.15000000000000002,76.128,92.85600000000001,0.964654898308978
module.layer4.1.conv1.weight,0.2,76.102,92.84,0.9652391444055399
module.layer4.1.conv1.weight,0.25,76.068,92.83,0.9662490013454643
module.layer4.1.conv1.weight,0.30000000000000004,76.03,92.848,0.9669032601677637
module.layer4.1.conv1.weight,0.35000000000000003,76.028,92.81,0.9684962476698719
module.layer4.1.conv1.weight,0.4,76.03,92.82000000000001,0.9717456755437416
module.layer4.1.conv1.weight,0.45,75.946,92.784,0.9771837118480884
module.layer4.1.conv1.weight,0.5,75.886,92.758,0.9839841953801867
module.layer4.1.conv1.weight,0.55,75.756,92.622,0.9954331617574301
module.layer4.1.conv1.weight,0.6000000000000001,75.50200000000001,92.51,1.0102528068332037
module.layer4.1.conv1.weight,0.65,74.952,92.282,1.0348779738557576
module.layer4.1.conv1.weight,0.7000000000000001,74.242,91.944,1.0683950698193232
module.layer4.1.conv1.weight,0.75,73.03200000000001,91.186,1.1320611369244904
module.layer4.1.conv1.weight,0.8,70.818,89.968,1.2289851056982062
module.layer4.1.conv1.weight,0.8500000000000001,66.386,86.92999999999999,1.453631218294708
module.layer4.1.conv1.weight,0.9,56.374,79.192,2.03094654606313
module.layer4.1.conv2.weight,0.0,76.13,92.862,0.9646787427517838
module.layer4.1.conv2.weight,0.05,76.134,92.85799999999999,0.9646637948343944
module.layer4.1.conv2.weight,0.1,76.102,92.84400000000001,0.9646363883298271
module.layer4.1.conv2.weight,0.15000000000000002,76.08200000000001,92.854,0.9646522636164206
module.layer4.1.conv2.weight,0.2,76.08,92.882,0.9646354374684853
module.layer4.1.conv2.weight,0.25,76.068,92.882,0.9636957879577361
module.layer4.1.conv2.weight,0.30000000000000004,76.046,92.916,0.9640697713713255
module.layer4.1.conv2.weight,0.35000000000000003,76.05999999999999,92.882,0.9634229775746259
module.layer4.1.conv2.weight,0.4,76.024,92.882,0.9626841106433046
module.layer4.1.conv2.weight,0.45,75.96000000000001,92.85,0.96249207230855
module.layer4.1.conv2.weight,0.5,75.83800000000001,92.852,0.9619015105524839
module.layer4.1.conv2.weight,0.55,75.82,92.78999999999999,0.963331189234646
module.layer4.1.conv2.weight,0.6000000000000001,75.67399999999999,92.714,0.9684677181803446
module.layer4.1.conv2.weight,0.65,75.30799999999999,92.65,0.9805222210683386
module.layer4.1.conv2.weight,0.7000000000000001,74.81400000000001,92.36,1.0099134839006836
module.layer4.1.conv2.weight,0.75,73.93,91.96,1.0738644932149621
module.layer4.1.conv2.weight,0.8,72.026,91.06,1.2299962623082858
module.layer4.1.conv2.weight,0.8500000000000001,69.288,89.49000000000001,1.5388828108505328
module.layer4.1.conv2.weight,0.9,63.528000000000006,85.87599999999999,2.0958222755972242
module.layer4.1.conv3.weight,0.0,76.13,92.862,0.9646787427517838
module.layer4.1.conv3.weight,0.05,76.13,92.862,0.964628594338285
module.layer4.1.conv3.weight,0.1,76.1,92.862,0.9645444217841237
module.layer4.1.conv3.weight,0.15000000000000002,76.108,92.854,0.9647458964312567
module.layer4.1.conv3.weight,0.2,76.114,92.854,0.9644969740540396
module.layer4.1.conv3.weight,0.25,76.122,92.86,0.9649531062768426
module.layer4.1.conv3.weight,0.30000000000000004,76.13,92.848,0.9646976009315372
module.layer4.1.conv3.weight,0.35000000000000003,76.08,92.874,0.9655076996708406
module.layer4.1.conv3.weight,0.4,75.992,92.85,0.9669925045906287
module.layer4.1.conv3.weight,0.45,75.978,92.842,0.9684470431993197
module.layer4.1.conv3.weight,0.5,75.926,92.84,0.969142509206217
module.layer4.1.conv3.weight,0.55,75.88000000000001,92.786,0.9709138222494903
module.layer4.1.conv3.weight,0.6000000000000001,75.774,92.714,0.9715066485259001
module.layer4.1.conv3.weight,0.65,75.676,92.648,0.9741514270402946
module.layer4.1.conv3.weight,0.7000000000000001,75.534,92.60000000000001,0.9803333634472621
module.layer4.1.conv3.weight,0.75,75.336,92.518,0.9895339659890349
module.layer4.1.conv3.weight,0.8,74.99199999999999,92.378,1.0023848726129045
module.layer4.1.conv3.weight,0.8500000000000001,74.454,92.06400000000001,1.025596725849473
module.layer4.1.conv3.weight,0.9,73.424,91.702,1.0705573006856195
module.layer4.2.conv1.weight,0.0,76.13,92.862,0.9646787427517838
module.layer4.2.conv1.weight,0.05,76.122,92.854,0.9646549300119587
module.layer4.2.conv1.weight,0.1,76.116,92.886,0.9645608734263453
module.layer4.2.conv1.weight,0.15000000000000002,76.112,92.894,0.9646784847944366
module.layer4.2.conv1.weight,0.2,76.128,92.892,0.9652180627596619
module.layer4.2.conv1.weight,0.25,76.088,92.904,0.9669616530288239
module.layer4.2.conv1.weight,0.30000000000000004,76.088,92.906,0.9679775751214857
module.layer4.2.conv1.weight,0.35000000000000003,76.018,92.886,0.9703445698381683
module.layer4.2.conv1.weight,0.4,75.968,92.852,0.9729939278747355
module.layer4.2.conv1.weight,0.45,75.912,92.81200000000001,0.9775472623201051
module.layer4.2.conv1.weight,0.5,75.844,92.78800000000001,0.9817641713485427
module.layer4.2.conv1.weight,0.55,75.682,92.694,0.9894593739692047
module.layer4.2.conv1.weight,0.6000000000000001,75.44,92.606,1.000938543175556
module.layer4.2.conv1.weight,0.65,75.164,92.418,1.0210820184070233
module.layer4.2.conv1.weight,0.7000000000000001,74.732,92.22399999999999,1.0401029802706774
module.layer4.2.conv1.weight,0.75,73.848,91.744,1.0763523136170547
module.layer4.2.conv1.weight,0.8,72.59599999999999,91.098,1.1315679711346733
module.layer4.2.conv1.weight,0.8500000000000001,70.13199999999999,89.654,1.2370361215910135
module.layer4.2.conv1.weight,0.9,66.206,87.45,1.416997416895262
module.layer4.2.conv2.weight,0.0,76.13,92.862,0.9646787427517838
module.layer4.2.conv2.weight,0.05,76.14,92.866,0.9646769955906332
module.layer4.2.conv2.weight,0.1,76.134,92.85,0.9647296803186134
module.layer4.2.conv2.weight,0.15000000000000002,76.116,92.862,0.9647001837741356
module.layer4.2.conv2.weight,0.2,76.13,92.866,0.9646380544469068
module.layer4.2.conv2.weight,0.25,76.122,92.852,0.9650273275922755
module.layer4.2.conv2.weight,0.30000000000000004,76.086,92.84400000000001,0.9658194949888453
module.layer4.2.conv2.weight,0.35000000000000003,76.106,92.828,0.966594561478313
module.layer4.2.conv2.weight,0.4,76.01599999999999,92.838,0.9681339644807941
module.layer4.2.conv2.weight,0.45,75.988,92.816,0.9700945845367962
module.layer4.2.conv2.weight,0.5,75.888,92.758,0.9724045393570345
module.layer4.2.conv2.weight,0.55,75.866,92.752,0.9747197839374444
module.layer4.2.conv2.weight,0.6000000000000001,75.736,92.67800000000001,0.9791379082871946
module.layer4.2.conv2.weight,0.65,75.57000000000001,92.58,0.9849062343032996
module.layer4.2.conv2.weight,0.7000000000000001,75.348,92.472,0.9926104199673447
module.layer4.2.conv2.weight,0.75,74.994,92.348,1.004061947747761
module.layer4.2.conv2.weight,0.8,74.644,92.12400000000001,1.0179279218522865
module.layer4.2.conv2.weight,0.8500000000000001,73.76400000000001,91.628,1.0508484361427166
module.layer4.2.conv2.weight,0.9,72.408,90.97800000000001,1.107690737715789
module.layer4.2.conv3.weight,0.0,76.13,92.862,0.9646787427517838
module.layer4.2.conv3.weight,0.05,76.128,92.864,0.9646840759990167
module.layer4.2.conv3.weight,0.1,76.13,92.864,0.9646865685983578
module.layer4.2.conv3.weight,0.15000000000000002,76.132,92.84599999999999,0.9647643851230338
module.layer4.2.conv3.weight,0.2,76.108,92.85600000000001,0.9648429680691687
module.layer4.2.conv3.weight,0.25,76.12400000000001,92.866,0.9648567625150383
module.layer4.2.conv3.weight,0.30000000000000004,76.066,92.84599999999999,0.9651891450796807
module.layer4.2.conv3.weight,0.35000000000000003,76.054,92.826,0.9658799501402036
module.layer4.2.conv3.weight,0.4,76.058,92.838,0.9664838206859266
module.layer4.2.conv3.weight,0.45,76.02,92.85,0.9673866124785679
module.layer4.2.conv3.weight,0.5,76.03800000000001,92.838,0.9678914459536273
module.layer4.2.conv3.weight,0.55,75.97,92.892,0.968703758199604
module.layer4.2.conv3.weight,0.6000000000000001,75.982,92.848,0.970260597689419
module.layer4.2.conv3.weight,0.65,75.896,92.83,0.9723134414882073
module.layer4.2.conv3.weight,0.7000000000000001,75.76,92.75,0.9760201024461764
module.layer4.2.conv3.weight,0.75,75.644,92.618,0.9801184416425474
module.layer4.2.conv3.weight,0.8,75.292,92.428,0.9913111478090286
module.layer4.2.conv3.weight,0.8500000000000001,74.66,92.106,1.0146904000822372
module.layer4.2.conv3.weight,0.9,73.708,91.604,1.0628612643601953
module.fc.weight,0.0,76.13,92.862,0.9646787427517838
module.fc.weight,0.05,76.13600000000001,92.864,0.9646942548605865
module.fc.weight,0.1,76.118,92.874,0.9647133982151138
module.fc.weight,0.15000000000000002,76.112,92.886,0.964541596949709
module.fc.weight,0.2,76.084,92.892,0.9644192955931842
module.fc.weight,0.25,76.064,92.888,0.96466780689602
module.fc.weight,0.30000000000000004,76.044,92.874,0.9641598925298572
module.fc.weight,0.35000000000000003,75.968,92.864,0.9642475264108911
module.fc.weight,0.4,75.952,92.868,0.9644550814920542
module.fc.weight,0.45,75.89,92.808,0.9649695312338217
module.fc.weight,0.5,75.828,92.824,0.9659978333784609
module.fc.weight,0.55,75.79400000000001,92.768,0.9675186584342502
module.fc.weight,0.6000000000000001,75.68,92.696,0.9713512824050021
module.fc.weight,0.65,75.458,92.622,0.9768272386673763
module.fc.weight,0.7000000000000001,75.318,92.536,0.9850116268712651
module.fc.weight,0.75,75.024,92.396,0.9980594088532487
module.fc.weight,0.8,74.658,92.23,1.0172776503830538
module.fc.weight,0.8500000000000001,74.054,91.91,1.0468037982224205
module.fc.weight,0.9,73.06,91.392,1.1095767288791891
